<?xml version="1.0" encoding="UTF-8" standalone="yes"?>
<feed>
	<!-- resultLength indicates the total number of results for this feed -->
	<resultLength>1</resultLength>
	<!-- endIndix  indicates the number of results for this *paged* section of the feed -->
	<endIndex>1</endIndex>
	<item sdImg="http://christopheradams.com/bgnoise/images/sd214by144.png" hdImg="http://christopheradams.com/bgnoise/images/hd290by218.png">
		<title>Background Noise Random Vimeo Video</title>
		<contentId>10001</contentId>
		<contentType>Talk</contentType>
		<contentQuality>sd</contentQuality>
		<streamFormat>mp4</streamFormat>
		<media>
			<streamQuality>sd</streamQuality>
			<streamBitrate>1500</streamBitrate>
			<streamUrl>http://video.ted.com/talks/podcast/JimFallon_2009_480.mp4</streamUrl>
		</media>
		<synopsis>Just some background noise!</synopsis>
		<genres>Clip</genres>
		<runtime>1260</runtime>
	</item>	
	
</feed>
